{"cameraMode":{"drawMode":0,"name":"Shaded","section":"Shading Mode"},"sceneLighting":false,"audioPlay":false,"sceneViewState":{"showFog":true,"showMaterialUpdate":false,"showSkybox":false,"showFlares":true,"showImageEffects":true,"showParticleSystems":true},"in2DMode":false,"pivot":{"x":-0.2943631410598755,"y":2.151486396789551,"z":9.252739906311036},"rotation":{"x":0.6712517142295837,"y":-0.0022235792130231859,"z":0.002013831166550517,"w":0.7412265539169312},"size":10.0,"orthographic":false}