{"cameraMode":{"drawMode":0,"name":"Shaded","section":"Shading Mode"},"sceneLighting":false,"audioPlay":false,"sceneViewState":{"showFog":true,"showMaterialUpdate":false,"showSkybox":false,"showFlares":true,"showImageEffects":true,"showParticleSystems":true},"in2DMode":false,"pivot":{"x":-0.29443421959877016,"y":2.1541175842285158,"z":9.041341781616211},"rotation":{"x":-0.11725342273712158,"y":0.45431020855903628,"z":-0.06046224758028984,"w":-0.8810268044471741},"size":0.2141202986240387,"orthographic":false}